Id,Link,Status
517484-165,class_info_2.asp?backto=home&option=0&courseid=132157&acadyear=2567&semester=2&avs451125537=2088,"[<td bgcolor=""#F0F0F5""> W</td>]"
517489-160,class_info_2.asp?backto=home&option=0&courseid=122152&acadyear=2567&semester=2&avs451125537=2090,"[<td bgcolor=""#F0F0F5""> W</td>]"
517493-2560,class_info_2.asp?backto=home&option=0&courseid=120465&acadyear=2567&semester=2&avs451125537=2091,"[<td bgcolor=""#F0F0FF""> W</td>]"
517493-2560,class_info_2.asp?backto=home&option=0&courseid=120465&acadyear=2567&semester=2&avs451125537=2092,"[<td bgcolor=""#F0F0F5""> W</td>]"
517493-2560,class_info_2.asp?backto=home&option=0&courseid=120465&acadyear=2567&semester=2&avs451125537=2093,"[<td bgcolor=""#F0F0FF""> W</td>]"
517493-2560,class_info_2.asp?backto=home&option=0&courseid=120465&acadyear=2567&semester=2&avs451125537=2094,"[<td bgcolor=""#F0F0F5""> W</td>]"
517493-2560,class_info_2.asp?backto=home&option=0&courseid=120465&acadyear=2567&semester=2&avs451125537=2095,"[<td bgcolor=""#F0F0FF""> W</td>]"
517493-2560,class_info_2.asp?backto=home&option=0&courseid=120465&acadyear=2567&semester=2&avs451125537=2096,"[<td bgcolor=""#F0F0F5""> W</td>]"
517494-2560,class_info_2.asp?backto=home&option=0&courseid=120466&acadyear=2567&semester=2&avs451125537=2097,"[<td bgcolor=""#F0F0FF""> W</td>]"
517494-2560,class_info_2.asp?backto=home&option=0&courseid=120466&acadyear=2567&semester=2&avs451125537=2098,"[<td bgcolor=""#F0F0F5""> W</td>]"
517494-2560,class_info_2.asp?backto=home&option=0&courseid=120466&acadyear=2567&semester=2&avs451125537=2100,"[<td bgcolor=""#F0F0F5""> W</td>]"
517494-2560,class_info_2.asp?backto=home&option=0&courseid=120466&acadyear=2567&semester=2&avs451125537=2101,"[<td bgcolor=""#F0F0FF""> W</td>]"
517494-2560,class_info_2.asp?backto=home&option=0&courseid=120466&acadyear=2567&semester=2&avs451125537=2102,"[<td bgcolor=""#F0F0F5""> W</td>]"
517494-2560,class_info_2.asp?backto=home&option=0&courseid=120466&acadyear=2567&semester=2&avs451125537=2103,"[<td bgcolor=""#F0F0FF""> W</td>]"
518101-165,class_info_2.asp?backto=home&option=0&courseid=128913&acadyear=2567&semester=2&avs451125537=2104,"[<td bgcolor=""#F0F0F5""> W</td>]"
518101-2560,class_info_2.asp?backto=home&option=0&courseid=119121&acadyear=2567&semester=2&avs451125537=2105,"[<td bgcolor=""#F0F0FF""> W</td>]"
518102-165,class_info_2.asp?backto=home&option=0&courseid=128914&acadyear=2567&semester=2&avs451125537=2106,"[<td bgcolor=""#F0F0F5""> W</td>]"
518102-165,class_info_2.asp?backto=home&option=0&courseid=128914&acadyear=2567&semester=2&avs451125537=2107,"[<td bgcolor=""#F0F0FF""> W</td>]"
518103-167,class_info_2.asp?backto=home&option=0&courseid=138241&acadyear=2567&semester=2&avs451125537=2108,"[<td bgcolor=""#F0F0F5""> W</td>]"
518201-2560,class_info_2.asp?backto=home&option=0&courseid=109126&acadyear=2567&semester=2&avs451125537=2109,"[<td bgcolor=""#F0F0FF""> W</td>]"
518203-165,class_info_2.asp?backto=home&option=0&courseid=130633&acadyear=2567&semester=2&avs451125537=2111,"[<td bgcolor=""#F0F0FF""> W</td>]"
518205-165,class_info_2.asp?backto=home&option=0&courseid=131644&acadyear=2567&semester=2&avs451125537=2112,"[<td bgcolor=""#F0F0F5""> W</td>]"
518205-2560,class_info_2.asp?backto=home&option=0&courseid=109138&acadyear=2567&semester=2&avs451125537=2113,"[<td bgcolor=""#F0F0FF""> W</td>]"
518206-165,class_info_2.asp?backto=home&option=0&courseid=131645&acadyear=2567&semester=2&avs451125537=2114,"[<td bgcolor=""#F0F0F5""> W</td>]"
518206-165,class_info_2.asp?backto=home&option=0&courseid=131645&acadyear=2567&semester=2&avs451125537=2115,"[<td bgcolor=""#F0F0FF""> W</td>]"
518206-2560,class_info_2.asp?backto=home&option=0&courseid=109139&acadyear=2567&semester=2&avs451125537=2116,"[<td bgcolor=""#F0F0F5""> W</td>]"
518208-165,class_info_2.asp?backto=home&option=0&courseid=131647&acadyear=2567&semester=2&avs451125537=2117,"[<td bgcolor=""#F0F0FF""> W</td>]"
518209-165,class_info_2.asp?backto=home&option=0&courseid=131648&acadyear=2567&semester=2&avs451125537=2118,"[<td bgcolor=""#F0F0F5""> W</td>]"
518212-165,class_info_2.asp?backto=home&option=0&courseid=128917&acadyear=2567&semester=2&avs451125537=2120,"[<td bgcolor=""#F0F0F5""> W</td>]"
518213-165,class_info_2.asp?backto=home&option=0&courseid=128918&acadyear=2567&semester=2&avs451125537=2121,"[<td bgcolor=""#F0F0FF""> W</td>]"
518301-2560,class_info_2.asp?backto=home&option=0&courseid=109141&acadyear=2567&semester=2&avs451125537=2122,"[<td bgcolor=""#F0F0F5""> W</td>]"
518303-165,class_info_2.asp?backto=home&option=0&courseid=128919&acadyear=2567&semester=2&avs451125537=2125,"[<td bgcolor=""#F0F0FF""> W</td>]"
518303-2560,class_info_2.asp?backto=home&option=0&courseid=109143&acadyear=2567&semester=2&avs451125537=2126,"[<td bgcolor=""#F0F0F5""> W</td>]"
518304-165,class_info_2.asp?backto=home&option=0&courseid=128920&acadyear=2567&semester=2&avs451125537=2127,"[<td bgcolor=""#F0F0FF""> W</td>]"
518304-165,class_info_2.asp?backto=home&option=0&courseid=128920&acadyear=2567&semester=2&avs451125537=2128,"[<td bgcolor=""#F0F0F5""> W</td>]"
518304-2560,class_info_2.asp?backto=home&option=0&courseid=109144&acadyear=2567&semester=2&avs451125537=2129,"[<td bgcolor=""#F0F0FF""> W</td>]"
518305-165,class_info_2.asp?backto=home&option=0&courseid=131652&acadyear=2567&semester=2&avs451125537=2130,"[<td bgcolor=""#F0F0F5""> W</td>]"
518305-165,class_info_2.asp?backto=home&option=0&courseid=131652&acadyear=2567&semester=2&avs451125537=2131,"[<td bgcolor=""#F0F0FF""> W</td>]"
518305-165,class_info_2.asp?backto=home&option=0&courseid=131652&acadyear=2567&semester=2&avs451125537=2132,"[<td bgcolor=""#F0F0F5""> W</td>]"
518305-165,class_info_2.asp?backto=home&option=0&courseid=131652&acadyear=2567&semester=2&avs451125537=2133,"[<td bgcolor=""#F0F0FF""> W</td>]"
518306-165,class_info_2.asp?backto=home&option=0&courseid=131653&acadyear=2567&semester=2&avs451125537=2134,"[<td bgcolor=""#F0F0F5""> W</td>]"
518331-165,class_info_2.asp?backto=home&option=0&courseid=128928&acadyear=2567&semester=2&avs451125537=2135,"[<td bgcolor=""#F0F0FF""> W</td>]"
518331-2560,class_info_2.asp?backto=home&option=0&courseid=109163&acadyear=2567&semester=2&avs451125537=2136,"[<td bgcolor=""#F0F0F5""> W</td>]"
518332-165,class_info_2.asp?backto=home&option=0&courseid=128930&acadyear=2567&semester=2&avs451125537=2137,"[<td bgcolor=""#F0F0FF""> W</td>]"
518332-165,class_info_2.asp?backto=home&option=0&courseid=128930&acadyear=2567&semester=2&avs451125537=2139,"[<td bgcolor=""#F0F0FF""> W</td>]"
518332-2560,class_info_2.asp?backto=home&option=0&courseid=109164&acadyear=2567&semester=2&avs451125537=2140,"[<td bgcolor=""#F0F0F5""> W</td>]"
518333-165,class_info_2.asp?backto=home&option=0&courseid=131655&acadyear=2567&semester=2&avs451125537=2143,"[<td bgcolor=""#F0F0FF""> W</td>]"
518337-165,class_info_2.asp?backto=home&option=0&courseid=131656&acadyear=2567&semester=2&avs451125537=2144,"[<td bgcolor=""#F0F0F5""> W</td>]"
518337-2560,class_info_2.asp?backto=home&option=0&courseid=109168&acadyear=2567&semester=2&avs451125537=2145,"[<td bgcolor=""#F0F0FF""> W</td>]"
518339-165,class_info_2.asp?backto=home&option=0&courseid=130634&acadyear=2567&semester=2&avs451125537=2146,"[<td bgcolor=""#F0F0F5""> W</td>]"
518339-2560,class_info_2.asp?backto=home&option=0&courseid=109170&acadyear=2567&semester=2&avs451125537=2147,"[<td bgcolor=""#F0F0FF""> W</td>]"
518345-165,class_info_2.asp?backto=home&option=0&courseid=131659&acadyear=2567&semester=2&avs451125537=2148,"[<td bgcolor=""#F0F0F5""> W</td>]"
518351-2560,class_info_2.asp?backto=home&option=0&courseid=109174&acadyear=2567&semester=2&avs451125537=2149,"[<td bgcolor=""#F0F0FF""> W</td>]"
518421-165,class_info_2.asp?backto=home&option=0&courseid=128941&acadyear=2567&semester=2&avs451125537=2150,"[<td bgcolor=""#F0F0F5""> W</td>]"
518441-2560,class_info_2.asp?backto=home&option=0&courseid=109188&acadyear=2567&semester=2&avs451125537=2151,"[<td bgcolor=""#F0F0FF""> W</td>]"
518451-165,class_info_2.asp?backto=home&option=0&courseid=131664&acadyear=2567&semester=2&avs451125537=2152,"[<td bgcolor=""#F0F0F5""> W</td>]"
518453-165,class_info_2.asp?backto=home&option=0&courseid=131665&acadyear=2567&semester=2&avs451125537=2153,"[<td bgcolor=""#F0F0FF""> W</td>]"
518453-2560,class_info_2.asp?backto=home&option=0&courseid=109190&acadyear=2567&semester=2&avs451125537=2154,"[<td bgcolor=""#F0F0F5""> W</td>]"
518463-2560,class_info_2.asp?backto=home&option=0&courseid=109192&acadyear=2567&semester=2&avs451125537=2155,"[<td bgcolor=""#F0F0FF""> W</td>]"
518491-2560,class_info_2.asp?backto=home&option=0&courseid=109193&acadyear=2567&semester=2&avs451125537=2156,"[<td bgcolor=""#F0F0F5""> W</td>]"
518491-2560,class_info_2.asp?backto=home&option=0&courseid=109193&acadyear=2567&semester=2&avs451125537=2157,"[<td bgcolor=""#F0F0FF""> W</td>]"
518491-2560,class_info_2.asp?backto=home&option=0&courseid=109193&acadyear=2567&semester=2&avs451125537=2158,"[<td bgcolor=""#F0F0F5""> W</td>]"
518494-2560,class_info_2.asp?backto=home&option=0&courseid=109195&acadyear=2567&semester=2&avs451125537=2160,"[<td bgcolor=""#F0F0F5""> W</td>]"
518495-2560,class_info_2.asp?backto=home&option=0&courseid=109196&acadyear=2567&semester=2&avs451125537=2161,"[<td bgcolor=""#F0F0FF""> W</td>]"
518495-2560,class_info_2.asp?backto=home&option=0&courseid=109196&acadyear=2567&semester=2&avs451125537=2162,"[<td bgcolor=""#F0F0F5""> W</td>]"
518496-2560,class_info_2.asp?backto=home&option=0&courseid=109197&acadyear=2567&semester=2&avs451125537=2163,"[<td bgcolor=""#F0F0FF""> W</td>]"
519201-165,class_info_2.asp?backto=home&option=0&courseid=131290&acadyear=2567&semester=2&avs451125537=2164,"[<td bgcolor=""#F0F0F5""> W</td>]"
519211-2560,class_info_2.asp?backto=home&option=0&courseid=111934&acadyear=2567&semester=2&avs451125537=2165,"[<td bgcolor=""#F0F0FF""> W</td>]"
519231-165,class_info_2.asp?backto=home&option=0&courseid=131239&acadyear=2567&semester=2&avs451125537=2166,"[<td bgcolor=""#F0F0F5""> W</td>]"
519251-165,class_info_2.asp?backto=home&option=0&courseid=131240&acadyear=2567&semester=2&avs451125537=2167,"[<td bgcolor=""#F0F0FF""> W</td>]"
519311-2560,class_info_2.asp?backto=home&option=0&courseid=111936&acadyear=2567&semester=2&avs451125537=2168,"[<td bgcolor=""#F0F0F5""> W</td>]"
519312-2560,class_info_2.asp?backto=home&option=0&courseid=111938&acadyear=2567&semester=2&avs451125537=2169,"[<td bgcolor=""#F0F0FF""> W</td>]"
519341-165,class_info_2.asp?backto=home&option=0&courseid=131243&acadyear=2567&semester=2&avs451125537=2170,"[<td bgcolor=""#F0F0F5""> W</td>]"
519341-2560,class_info_2.asp?backto=home&option=0&courseid=111939&acadyear=2567&semester=2&avs451125537=2171,"[<td bgcolor=""#F0F0FF""> W</td>]"
519351-2560,class_info_2.asp?backto=home&option=0&courseid=111962&acadyear=2567&semester=2&avs451125537=2172,"[<td bgcolor=""#F0F0F5""> W</td>]"
519363-165,class_info_2.asp?backto=home&option=0&courseid=131247&acadyear=2567&semester=2&avs451125537=2173,"[<td bgcolor=""#F0F0FF""> W</td>]"
519364-165,class_info_2.asp?backto=home&option=0&courseid=131248&acadyear=2567&semester=2&avs451125537=2174,"[<td bgcolor=""#F0F0F5""> W</td>]"
519365-165,class_info_2.asp?backto=home&option=0&courseid=131249&acadyear=2567&semester=2&avs451125537=2175,"[<td bgcolor=""#F0F0FF""> W</td>]"
519392-165,class_info_2.asp?backto=home&option=0&courseid=131305&acadyear=2567&semester=2&avs451125537=2176,"[<td bgcolor=""#F0F0F5""> W</td>]"
519462-165,class_info_2.asp?backto=home&option=0&courseid=138856&acadyear=2567&semester=2&avs451125537=2177,"[<td bgcolor=""#F0F0FF""> W</td>]"
519482-2560,class_info_2.asp?backto=home&option=0&courseid=111982&acadyear=2567&semester=2&avs451125537=2178,"[<td bgcolor=""#F0F0F5""> W</td>]"
519484-2560,class_info_2.asp?backto=home&option=0&courseid=111984&acadyear=2567&semester=2&avs451125537=2179,"[<td bgcolor=""#F0F0FF""> W</td>]"
519491-165,class_info_2.asp?backto=home&option=0&courseid=131313&acadyear=2567&semester=2&avs451125537=2180,"[<td bgcolor=""#F0F0F5""> W</td>]"
519491-165,class_info_2.asp?backto=home&option=0&courseid=131313&acadyear=2567&semester=2&avs451125537=2181,"[<td bgcolor=""#F0F0FF""> W</td>]"
519491-165,class_info_2.asp?backto=home&option=0&courseid=131313&acadyear=2567&semester=2&avs451125537=2182,"[<td bgcolor=""#F0F0F5""> W</td>]"
519491-165,class_info_2.asp?backto=home&option=0&courseid=131313&acadyear=2567&semester=2&avs451125537=2183,"[<td bgcolor=""#F0F0FF""> W</td>]"
519493-2560,class_info_2.asp?backto=home&option=0&courseid=111986&acadyear=2567&semester=2&avs451125537=2184,"[<td bgcolor=""#F0F0F5""> W</td>]"
519493-2560,class_info_2.asp?backto=home&option=0&courseid=111986&acadyear=2567&semester=2&avs451125537=2185,"[<td bgcolor=""#F0F0FF""> W</td>]"
519493-2560,class_info_2.asp?backto=home&option=0&courseid=111986&acadyear=2567&semester=2&avs451125537=2186,"[<td bgcolor=""#F0F0F5""> W</td>]"
519493-2560,class_info_2.asp?backto=home&option=0&courseid=111986&acadyear=2567&semester=2&avs451125537=2187,"[<td bgcolor=""#F0F0FF""> W</td>]"
519493-2560,class_info_2.asp?backto=home&option=0&courseid=111986&acadyear=2567&semester=2&avs451125537=2188,"[<td bgcolor=""#F0F0F5""> W</td>]"
519493-2560,class_info_2.asp?backto=home&option=0&courseid=111986&acadyear=2567&semester=2&avs451125537=2189,"[<td bgcolor=""#F0F0FF""> W</td>]"
520111-165,class_info_2.asp?backto=home&option=0&courseid=131925&acadyear=2567&semester=2&avs451125537=2190,"[<td bgcolor=""#F0F0F5""> W</td>]"
520112-165,class_info_2.asp?backto=home&option=0&courseid=131926&acadyear=2567&semester=2&avs451125537=2191,"[<td bgcolor=""#F0F0FF""> W</td>]"
520211-2560,class_info_2.asp?backto=home&option=0&courseid=116161&acadyear=2567&semester=2&avs451125537=2192,"[<td bgcolor=""#F0F0F5""> W</td>]"
520212-2560,class_info_2.asp?backto=home&option=0&courseid=116162&acadyear=2567&semester=2&avs451125537=2193,"[<td bgcolor=""#F0F0FF""> W</td>]"
520213-2560,class_info_2.asp?backto=home&option=0&courseid=116163&acadyear=2567&semester=2&avs451125537=2195,"[<td bgcolor=""#F0F0FF""> W</td>]"
520214-2560,class_info_2.asp?backto=home&option=0&courseid=119061&acadyear=2567&semester=2&avs451125537=2196,"[<td bgcolor=""#F0F0F5""> W</td>]"
520215-160,class_info_2.asp?backto=home&option=0&courseid=123542&acadyear=2567&semester=2&avs451125537=2197,"[<td bgcolor=""#F0F0FF""> W</td>]"
520221-165,class_info_2.asp?backto=home&option=0&courseid=131260&acadyear=2567&semester=2&avs451125537=2198,"[<td bgcolor=""#F0F0F5""> W</td>]"
520221-2560,class_info_2.asp?backto=home&option=0&courseid=119083&acadyear=2567&semester=2&avs451125537=2199,"[<td bgcolor=""#F0F0FF""> W</td>]"
520221-2560,class_info_2.asp?backto=home&option=0&courseid=119083&acadyear=2567&semester=2&avs451125537=2200,"[<td bgcolor=""#F0F0F5""> W</td>]"
520222-165,class_info_2.asp?backto=home&option=0&courseid=131929&acadyear=2567&semester=2&avs451125537=2201,"[<td bgcolor=""#F0F0FF""> W</td>]"
520223-165,class_info_2.asp?backto=home&option=0&courseid=131261&acadyear=2567&semester=2&avs451125537=2203,"[<td bgcolor=""#F0F0FF""> W</td>]"
520231-165,class_info_2.asp?backto=home&option=0&courseid=131262&acadyear=2567&semester=2&avs451125537=2204,"[<td bgcolor=""#F0F0F5""> W</td>]"
520232-165,class_info_2.asp?backto=home&option=0&courseid=131263&acadyear=2567&semester=2&avs451125537=2205,"[<td bgcolor=""#F0F0FF""> W</td>]"
520241-165,class_info_2.asp?backto=home&option=0&courseid=131930&acadyear=2567&semester=2&avs451125537=2206,"[<td bgcolor=""#F0F0F5""> W</td>]"
520241-2560,class_info_2.asp?backto=home&option=0&courseid=119101&acadyear=2567&semester=2&avs451125537=2207,"[<td bgcolor=""#F0F0FF""> W</td>]"
520242-165,class_info_2.asp?backto=home&option=0&courseid=131931&acadyear=2567&semester=2&avs451125537=2208,"[<td bgcolor=""#F0F0F5""> W</td>]"
520311-165,class_info_2.asp?backto=home&option=0&courseid=131934&acadyear=2567&semester=2&avs451125537=2209,"[<td bgcolor=""#F0F0FF""> W</td>]"
520343-165,class_info_2.asp?backto=home&option=0&courseid=131952&acadyear=2567&semester=2&avs451125537=2210,"[<td bgcolor=""#F0F0F5""> W</td>]"
520343-2560,class_info_2.asp?backto=home&option=0&courseid=120563&acadyear=2567&semester=2&avs451125537=2211,"[<td bgcolor=""#F0F0FF""> W</td>]"
520346-165,class_info_2.asp?backto=home&option=0&courseid=131988&acadyear=2567&semester=2&avs451125537=2212,"[<td bgcolor=""#F0F0F5""> W</td>]"
520347-165,class_info_2.asp?backto=home&option=0&courseid=131990&acadyear=2567&semester=2&avs451125537=2213,"[<td bgcolor=""#F0F0FF""> W</td>]"
520351-2560,class_info_2.asp?backto=home&option=0&courseid=120181&acadyear=2567&semester=2&avs451125537=2214,"[<td bgcolor=""#F0F0F5""> W</td>]"
520355-160,class_info_2.asp?backto=home&option=0&courseid=123502&acadyear=2567&semester=2&avs451125537=2216,"[<td bgcolor=""#F0F0F5""> W</td>]"
520362-165,class_info_2.asp?backto=home&option=0&courseid=132008&acadyear=2567&semester=2&avs451125537=2217,"[<td bgcolor=""#F0F0FF""> W</td>]"
520362-2560,class_info_2.asp?backto=home&option=0&courseid=120464&acadyear=2567&semester=2&avs451125537=2218,"[<td bgcolor=""#F0F0F5""> W</td>]"
520363-165,class_info_2.asp?backto=home&option=0&courseid=132009&acadyear=2567&semester=2&avs451125537=2219,"[<td bgcolor=""#F0F0FF""> W</td>]"
520363-2560,class_info_2.asp?backto=home&option=0&courseid=120564&acadyear=2567&semester=2&avs451125537=2220,"[<td bgcolor=""#F0F0F5""> W</td>]"
520364-165,class_info_2.asp?backto=home&option=0&courseid=132010&acadyear=2567&semester=2&avs451125537=2221,"[<td bgcolor=""#F0F0FF""> W</td>]"
520365-160,class_info_2.asp?backto=home&option=0&courseid=122225&acadyear=2567&semester=2&avs451125537=2222,"[<td bgcolor=""#F0F0F5""> W</td>]"
520391-2560,class_info_2.asp?backto=home&option=0&courseid=120565&acadyear=2567&semester=2&avs451125537=2223,"[<td bgcolor=""#F0F0FF""> W</td>]"
520393-165,class_info_2.asp?backto=home&option=0&courseid=132011&acadyear=2567&semester=2&avs451125537=2224,"[<td bgcolor=""#F0F0F5""> W</td>]"
520394-165,class_info_2.asp?backto=home&option=0&courseid=132012&acadyear=2567&semester=2&avs451125537=2225,"[<td bgcolor=""#F0F0FF""> W</td>]"
520421-160,class_info_2.asp?backto=home&option=0&courseid=122138&acadyear=2567&semester=2&avs451125537=2226,"[<td bgcolor=""#F0F0F5""> W</td>]"
520428-160,class_info_2.asp?backto=home&option=0&courseid=122227&acadyear=2567&semester=2&avs451125537=2229,"[<td bgcolor=""#F0F0FF""> W</td>]"
520428-165,class_info_2.asp?backto=home&option=0&courseid=132020&acadyear=2567&semester=2&avs451125537=2230,"[<td bgcolor=""#F0F0F5""> W</td>]"
520451-160,class_info_2.asp?backto=home&option=0&courseid=122125&acadyear=2567&semester=2&avs451125537=2231,"[<td bgcolor=""#F0F0FF""> W</td>]"
520451-165,class_info_2.asp?backto=home&option=0&courseid=132022&acadyear=2567&semester=2&avs451125537=2232,"[<td bgcolor=""#F0F0F5""> W</td>]"
520463-160,class_info_2.asp?backto=home&option=0&courseid=122229&acadyear=2567&semester=2&avs451125537=2233,"[<td bgcolor=""#F0F0FF""> W</td>]"
520463-165,class_info_2.asp?backto=home&option=0&courseid=132027&acadyear=2567&semester=2&avs451125537=2234,"[<td bgcolor=""#F0F0F5""> W</td>]"
520464-165,class_info_2.asp?backto=home&option=0&courseid=132028&acadyear=2567&semester=2&avs451125537=2235,"[<td bgcolor=""#F0F0FF""> W</td>]"
520482-160,class_info_2.asp?backto=home&option=0&courseid=123073&acadyear=2567&semester=2&avs451125537=2236,"[<td bgcolor=""#F0F0F5""> W</td>]"
520484-165,class_info_2.asp?backto=home&option=0&courseid=132032&acadyear=2567&semester=2&avs451125537=2237,"[<td bgcolor=""#F0F0FF""> W</td>]"
520489-160,class_info_2.asp?backto=home&option=0&courseid=123520&acadyear=2567&semester=2&avs451125537=2240,"[<td bgcolor=""#F0F0F5""> W</td>]"
520493-2560,class_info_2.asp?backto=home&option=0&courseid=120566&acadyear=2567&semester=2&avs451125537=2241,"[<td bgcolor=""#F0F0FF""> W</td>]"
520493-2560,class_info_2.asp?backto=home&option=0&courseid=120566&acadyear=2567&semester=2&avs451125537=2242,"[<td bgcolor=""#F0F0F5""> W</td>]"
520493-2560,class_info_2.asp?backto=home&option=0&courseid=120566&acadyear=2567&semester=2&avs451125537=2243,"[<td bgcolor=""#F0F0FF""> W</td>]"
520493-2560,class_info_2.asp?backto=home&option=0&courseid=120566&acadyear=2567&semester=2&avs451125537=2245,"[<td bgcolor=""#F0F0FF""> W</td>]"
520493-2560,class_info_2.asp?backto=home&option=0&courseid=120566&acadyear=2567&semester=2&avs451125537=2246,"[<td bgcolor=""#F0F0F5""> W</td>]"
520494-2560,class_info_2.asp?backto=home&option=0&courseid=120567&acadyear=2567&semester=2&avs451125537=2247,"[<td bgcolor=""#F0F0FF""> W</td>]"
520494-2560,class_info_2.asp?backto=home&option=0&courseid=120567&acadyear=2567&semester=2&avs451125537=2248,"[<td bgcolor=""#F0F0F5""> W</td>]"
520494-2560,class_info_2.asp?backto=home&option=0&courseid=120567&acadyear=2567&semester=2&avs451125537=2250,"[<td bgcolor=""#F0F0F5""> W</td>]"
520494-2560,class_info_2.asp?backto=home&option=0&courseid=120567&acadyear=2567&semester=2&avs451125537=2251,"[<td bgcolor=""#F0F0FF""> W</td>]"
520494-2560,class_info_2.asp?backto=home&option=0&courseid=120567&acadyear=2567&semester=2&avs451125537=2252,"[<td bgcolor=""#F0F0F5""> W</td>]"
520494-2560,class_info_2.asp?backto=home&option=0&courseid=120567&acadyear=2567&semester=2&avs451125537=2253,"[<td bgcolor=""#F0F0FF""> W</td>]"
521101-162,class_info_2.asp?backto=home&option=0&courseid=120767&acadyear=2567&semester=2&avs451125537=2254,"[<td bgcolor=""#F0F0F5""> W</td>]"
521101-167,class_info_2.asp?backto=home&option=0&courseid=138022&acadyear=2567&semester=2&avs451125537=2255,"[<td bgcolor=""#F0F0FF""> W</td>]"
521102-167,class_info_2.asp?backto=home&option=0&courseid=138023&acadyear=2567&semester=2&avs451125537=2256,"[<td bgcolor=""#F0F0F5""> W</td>]"
521131-167,class_info_2.asp?backto=home&option=0&courseid=138024&acadyear=2567&semester=2&avs451125537=2257,"[<td bgcolor=""#F0F0FF""> W</td>]"
521201-2562,class_info_2.asp?backto=home&option=0&courseid=120646&acadyear=2567&semester=2&avs451125537=2258,"[<td bgcolor=""#F0F0F5""> W</td>]"
521204-2562,class_info_2.asp?backto=home&option=0&courseid=120654&acadyear=2567&semester=2&avs451125537=2259,"[<td bgcolor=""#F0F0FF""> W</td>]"
521281-2562,class_info_2.asp?backto=home&option=0&courseid=120657&acadyear=2567&semester=2&avs451125537=2260,"[<td bgcolor=""#F0F0F5""> W</td>]"
521304-162,class_info_2.asp?backto=home&option=0&courseid=122158&acadyear=2567&semester=2&avs451125537=2261,"[<td bgcolor=""#F0F0FF""> W</td>]"
521308-162,class_info_2.asp?backto=home&option=0&courseid=122168&acadyear=2567&semester=2&avs451125537=2265,"[<td bgcolor=""#F0F0FF""> W</td>]"
521312-162,class_info_2.asp?backto=home&option=0&courseid=122173&acadyear=2567&semester=2&avs451125537=2266,"[<td bgcolor=""#F0F0F5""> W</td>]"
521322-162,class_info_2.asp?backto=home&option=0&courseid=122175&acadyear=2567&semester=2&avs451125537=2267,"[<td bgcolor=""#F0F0FF""> W</td>]"
521383-162,class_info_2.asp?backto=home&option=0&courseid=122163&acadyear=2567&semester=2&avs451125537=2268,"[<td bgcolor=""#F0F0F5""> W</td>]"
521491-162,class_info_2.asp?backto=home&option=0&courseid=122164&acadyear=2567&semester=2&avs451125537=2269,"[<td bgcolor=""#F0F0FF""> W</td>]"
521492-162,class_info_2.asp?backto=home&option=0&courseid=122165&acadyear=2567&semester=2&avs451125537=2270,"[<td bgcolor=""#F0F0F5""> W</td>]"
521493-162,class_info_2.asp?backto=home&option=0&courseid=122166&acadyear=2567&semester=2&avs451125537=2271,"[<td bgcolor=""#F0F0FF""> W</td>]"
522151-165,class_info_2.asp?backto=home&option=0&courseid=131318&acadyear=2567&semester=2&avs451125537=2272,"[<td bgcolor=""#F0F0F5""> W</td>]"
522151-165,class_info_2.asp?backto=home&option=0&courseid=131318&acadyear=2567&semester=2&avs451125537=2273,"[<td bgcolor=""#F0F0FF""> W</td>]"
522151-2561,class_info_2.asp?backto=home&option=0&courseid=115061&acadyear=2567&semester=2&avs451125537=2274,"[<td bgcolor=""#F0F0F5""> W</td>]"
522201-165,class_info_2.asp?backto=home&option=0&courseid=132885&acadyear=2567&semester=2&avs451125537=2275,"[<td bgcolor=""#F0F0FF""> W</td>]"
522201-165,class_info_2.asp?backto=home&option=0&courseid=132885&acadyear=2567&semester=2&avs451125537=2276,"[<td bgcolor=""#F0F0F5""> W</td>]"
522211-165,class_info_2.asp?backto=home&option=0&courseid=132886&acadyear=2567&semester=2&avs451125537=2277,"[<td bgcolor=""#F0F0FF""> W</td>]"
522211-2561,class_info_2.asp?backto=home&option=0&courseid=115063&acadyear=2567&semester=2&avs451125537=2278,"[<td bgcolor=""#F0F0F5""> W</td>]"
522241-2561,class_info_2.asp?backto=home&option=0&courseid=115150&acadyear=2567&semester=2&avs451125537=2279,"[<td bgcolor=""#F0F0FF""> W</td>]"
522242-165,class_info_2.asp?backto=home&option=0&courseid=132887&acadyear=2567&semester=2&avs451125537=2280,"[<td bgcolor=""#F0F0F5""> W</td>]"
522253-165,class_info_2.asp?backto=home&option=0&courseid=131319&acadyear=2567&semester=2&avs451125537=2281,"[<td bgcolor=""#F0F0FF""> W</td>]"
522253-2561,class_info_2.asp?backto=home&option=0&courseid=115153&acadyear=2567&semester=2&avs451125537=2282,"[<td bgcolor=""#F0F0F5""> W</td>]"
522254-165,class_info_2.asp?backto=home&option=0&courseid=132889&acadyear=2567&semester=2&avs451125537=2283,"[<td bgcolor=""#F0F0FF""> W</td>]"
522254-2561,class_info_2.asp?backto=home&option=0&courseid=115187&acadyear=2567&semester=2&avs451125537=2284,"[<td bgcolor=""#F0F0F5""> W</td>]"
522322-165,class_info_2.asp?backto=home&option=0&courseid=132892&acadyear=2567&semester=2&avs451125537=2285,"[<td bgcolor=""#F0F0FF""> W</td>]"
522322-2561,class_info_2.asp?backto=home&option=0&courseid=115203&acadyear=2567&semester=2&avs451125537=2286,"[<td bgcolor=""#F0F0F5""> W</td>]"
522342-2561,class_info_2.asp?backto=home&option=0&courseid=115207&acadyear=2567&semester=2&avs451125537=2288,"[<td bgcolor=""#F0F0F5""> W</td>]"
522351-165,class_info_2.asp?backto=home&option=0&courseid=131320&acadyear=2567&semester=2&avs451125537=2289,"[<td bgcolor=""#F0F0FF""> W</td>]"
522357-165,class_info_2.asp?backto=home&option=0&courseid=138959&acadyear=2567&semester=2&avs451125537=2290,"[<td bgcolor=""#F0F0F5""> W</td>]"
522357-2561,class_info_2.asp?backto=home&option=0&courseid=133861&acadyear=2567&semester=2&avs451125537=2291,"[<td bgcolor=""#F0F0FF""> W</td>]"
522361-165,class_info_2.asp?backto=home&option=0&courseid=132898&acadyear=2567&semester=2&avs451125537=2292,"[<td bgcolor=""#F0F0F5""> W</td>]"
522361-2561,class_info_2.asp?backto=home&option=0&courseid=115223&acadyear=2567&semester=2&avs451125537=2293,"[<td bgcolor=""#F0F0FF""> W</td>]"
522364-2561,class_info_2.asp?backto=home&option=0&courseid=115226&acadyear=2567&semester=2&avs451125537=2294,"[<td bgcolor=""#F0F0F5""> W</td>]"
522365-165,class_info_2.asp?backto=home&option=0&courseid=132901&acadyear=2567&semester=2&avs451125537=2295,"[<td bgcolor=""#F0F0FF""> W</td>]"
522391-165,class_info_2.asp?backto=home&option=0&courseid=132905&acadyear=2567&semester=2&avs451125537=2296,"[<td bgcolor=""#F0F0F5""> W</td>]"
522391-2561,class_info_2.asp?backto=home&option=0&courseid=115237&acadyear=2567&semester=2&avs451125537=2297,"[<td bgcolor=""#F0F0FF""> W</td>]"
522392-165,class_info_2.asp?backto=home&option=0&courseid=132906&acadyear=2567&semester=2&avs451125537=2298,"[<td bgcolor=""#F0F0F5""> W</td>]"
522392-2561,class_info_2.asp?backto=home&option=0&courseid=115238&acadyear=2567&semester=2&avs451125537=2299,"[<td bgcolor=""#F0F0FF""> W</td>]"
522393-2561,class_info_2.asp?backto=home&option=0&courseid=115239&acadyear=2567&semester=2&avs451125537=2300,"[<td bgcolor=""#F0F0F5""> W</td>]"
522481-2561,class_info_2.asp?backto=home&option=0&courseid=115240&acadyear=2567&semester=2&avs451125537=2301,"[<td bgcolor=""#F0F0FF""> W</td>]"
522483-2561,class_info_2.asp?backto=home&option=0&courseid=115242&acadyear=2567&semester=2&avs451125537=2302,"[<td bgcolor=""#F0F0F5""> W</td>]"
522491-165,class_info_2.asp?backto=home&option=0&courseid=132911&acadyear=2567&semester=2&avs451125537=2303,"[<td bgcolor=""#F0F0FF""> W</td>]"
522493-2561,class_info_2.asp?backto=home&option=0&courseid=115245&acadyear=2567&semester=2&avs451125537=2304,"[<td bgcolor=""#F0F0F5""> W</td>]"
522494-2561,class_info_2.asp?backto=home&option=0&courseid=115263&acadyear=2567&semester=2&avs451125537=2305,"[<td bgcolor=""#F0F0FF""> W</td>]"
523302-165,class_info_2.asp?backto=home&option=0&courseid=128948&acadyear=2567&semester=2&avs451125537=2306,"[<td bgcolor=""#F0F0F5""> W</td>]"
523303-165,class_info_2.asp?backto=home&option=0&courseid=128949&acadyear=2567&semester=2&avs451125537=2307,"[<td bgcolor=""#F0F0FF""> W</td>]"
523313-165,class_info_2.asp?backto=home&option=0&courseid=128953&acadyear=2567&semester=2&avs451125537=2308,"[<td bgcolor=""#F0F0F5""> W</td>]"
524101-166,class_info_2.asp?backto=home&option=0&courseid=134021&acadyear=2567&semester=2&avs451125537=2309,"[<td bgcolor=""#F0F0FF""> W</td>]"
524131-166,class_info_2.asp?backto=home&option=0&courseid=134022&acadyear=2567&semester=2&avs451125537=2310,"[<td bgcolor=""#F0F0F5""> W</td>]"
524241-166,class_info_2.asp?backto=home&option=0&courseid=134024&acadyear=2567&semester=2&avs451125537=2311,"[<td bgcolor=""#F0F0FF""> W</td>]"
524242-166,class_info_2.asp?backto=home&option=0&courseid=134025&acadyear=2567&semester=2&avs451125537=2312,"[<td bgcolor=""#F0F0F5""> W</td>]"
524243-166,class_info_2.asp?backto=home&option=0&courseid=134026&acadyear=2567&semester=2&avs451125537=2313,"[<td bgcolor=""#F0F0FF""> W</td>]"
524244-166,class_info_2.asp?backto=home&option=0&courseid=134027&acadyear=2567&semester=2&avs451125537=2314,"[<td bgcolor=""#F0F0F5""> W</td>]"
524301-166,class_info_2.asp?backto=home&option=0&courseid=134030&acadyear=2567&semester=2&avs451125537=2315,"[<td bgcolor=""#F0F0FF""> W</td>]"
525101-167,class_info_2.asp?backto=home&option=0&courseid=138242&acadyear=2567&semester=2&avs451125537=2316,"[<td bgcolor=""#F0F0F5""> W</td>]"
SU132-162,class_info_2.asp?backto=home&option=0&courseid=120873&acadyear=2567&semester=2&avs451125537=2317,"[<td bgcolor=""#F0F0FF""> W</td>]"
SU132-162,class_info_2.asp?backto=home&option=0&courseid=120873&acadyear=2567&semester=2&avs451125537=2318,"[<td bgcolor=""#F0F0F5""> W</td>]"
SU134-162,class_info_2.asp?backto=home&option=0&courseid=120875&acadyear=2567&semester=2&avs451125537=2319,"[<td bgcolor=""#F0F0FF""> W</td>]"
SU138-166,class_info_2.asp?backto=home&option=0&courseid=135718&acadyear=2567&semester=2&avs451125537=2320,"[<td bgcolor=""#F0F0F5""> W</td>]"
SU139-166,class_info_2.asp?backto=home&option=0&courseid=135719&acadyear=2567&semester=2&avs451125537=2321,"[<td bgcolor=""#F0F0FF""> W</td>]"
SU193-166,class_info_2.asp?backto=home&option=0&courseid=138845&acadyear=2567&semester=2&avs451125537=2322,"[<td bgcolor=""#F0F0F5""> W</td>]"
SU194-166,class_info_2.asp?backto=home&option=0&courseid=138846&acadyear=2567&semester=2&avs451125537=2323,"[<td bgcolor=""#F0F0FF""> W</td>]"
SU314-162,class_info_2.asp?backto=home&option=0&courseid=120898&acadyear=2567&semester=2&avs451125537=2324,"[<td bgcolor=""#F0F0F5""> W</td>]"
SU318-162,class_info_2.asp?backto=home&option=0&courseid=120902&acadyear=2567&semester=2&avs451125537=2325,"[<td bgcolor=""#F0F0FF""> W</td>]"
SU411-162,class_info_2.asp?backto=home&option=0&courseid=120909&acadyear=2567&semester=2&avs451125537=2326,"[<td bgcolor=""#F0F0F5""> W</td>]"
SU411-162,class_info_2.asp?backto=home&option=0&courseid=120909&acadyear=2567&semester=2&avs451125537=2327,"[<td bgcolor=""#F0F0FF""> W</td>]"
